<?xml version="1.0"?>

<!--

	ADOBE SYSTEMS INCORPORATED
	Copyright 2005-2007 Adobe Systems Incorporated
	All Rights Reserved.

	NOTICE: Adobe permits you to use, modify, and distribute this file
	in accordance with the terms of the license agreement accompanying it.

-->

<flex-config>
   
   <compiler>
     
      <!-- Turn on generation of accessible SWFs. -->
      <accessible>false</accessible>
      
      <incremental>true</incremental>
      
      <!-- Specifies the locales for internationalization. -->
      <locale>
          <locale-element>en_US</locale-element>
      </locale>

      <!-- List of path elements that form the roots of ActionScript class hierarchies. -->
      <!-- not set -->
      <!--
      <source-path>
         <path-element>string</path-element>
      </source-path>
      -->

     <!-- Allow the source-path to have path-elements which contain other path-elements -->
     <allow-source-path-overlap>false</allow-source-path-overlap>

      <!-- Run the AS3 compiler in a mode that detects legal but potentially incorrect -->
      <!-- code.                                                                       -->
      <show-actionscript-warnings>true</show-actionscript-warnings>

      <!-- Turn on generation of debuggable SWFs. False by default for mxmlc, -->
      <!-- but true by default for compc. -->
      <debug>true</debug>

      <!-- Turn on writing of generated/*.as files to disk. These files are generated by -->
      <!-- the compiler during mxml translation and are helpful with understanding and   -->
      <!-- debugging Flex applications.                                                  -->
      <keep-generated-actionscript>false</keep-generated-actionscript>

      <include-libraries>
         <library>libs/granite-essentials.swc</library>
      </include-libraries>
      <library-path append="true">
      	 <path-element>libs/granite.swc</path-element>
      </library-path>

      <!-- Enable post-link SWF optimization. -->
      <optimize>true</optimize>

      <!-- Keep the following AS3 metadata in the bytecodes.                                             -->
      <!-- Warning: For the data binding feature in the Flex framework to work properly,                 -->
      <!--          the following metadata must be kept:                                                 -->
      <!--          1. Bindable                                                                          -->
      <!--          2. Managed                                                                           -->
      <!--          3. ChangeEvent                                                                       -->
      <!--          4. NonCommittingChangeEvent                                                          -->
      <!--          5. Transient                                                                         -->
      <keep-as3-metadata>
          <name>Bindable</name>
          <name>Managed</name>
          <name>ChangeEvent</name>
          <name>NonCommittingChangeEvent</name>
          <name>Transient</name>
          <name>Name</name>
          <name>In</name>
          <name>Inject</name>
          <name>Out</name>
          <name>Observer</name>
          <name>PostConstruct</name>
          <name>Destroy</name>
          <name>Path</name>
          <name>Id</name>
          <name>Version</name>
      </keep-as3-metadata>

      <!-- Turn on reporting of data binding warnings. For example: Warning: Data binding -->
      <!-- will not be able to detect assignments to "foo".                               -->
      <show-binding-warnings>true</show-binding-warnings>

      <!-- toggle whether warnings generated from unused type selectors are displayed -->
      <show-unused-type-selector-warnings>true</show-unused-type-selector-warnings>

      <!-- Run the AS3 compiler in strict error checking mode. -->
      <strict>true</strict>

      <!-- Use the ActionScript 3 class based object model for greater performance and better error reporting. -->
      <!-- In the class based object model most built-in functions are implemented as fixed methods of classes -->
      <!-- (-strict is recommended, but not required, for earlier errors) -->
      <as3>true</as3>

      <!-- Use the ECMAScript edition 3 prototype based object model to allow dynamic overriding of prototype -->
      <!-- properties. In the prototype based object model built-in functions are implemented as dynamic      -->
      <!-- properties of prototype objects (-strict is allowed, but may result in compiler errors for         -->
      <!-- references to dynamic properties) -->
      <es>false</es>

      <!-- List of CSS or SWC files to apply as a theme. -->
      <!-- not set -->
      <!--
      <theme>
         <filename>string</filename>
         <filename>string</filename>
      </theme>
      -->

      <!-- Turns on the display of stack traces for uncaught runtime errors. -->
      <verbose-stacktraces>false</verbose-stacktraces>

      <!-- Missing constructor. -->
      <warn-no-constructor>false</warn-no-constructor>

      <!-- The super() statement was not called within the constructor. -->
      <warn-no-explicit-super-call-in-constructor>false</warn-no-explicit-super-call-in-constructor>

   </compiler>

</flex-config>
