<?xml version="1.0" encoding="UTF-8"?>

<!DOCTYPE granite-config PUBLIC "-//Granite Data Services//DTD granite-config internal//EN"
    "http://www.graniteds.org/public/dtd/2.0.0/granite-config.dtd">

<!--
  GRANITE DATA SERVICES
  Copyright (C) 2009 ADEQUATE SYSTEMS SARL

  This file is part of Granite Data Services.

  Granite Data Services is free software; you can redistribute it and/or modify
  it under the terms of the GNU Lesser General Public License as published by
  the Free Software Foundation; either version 3 of the License, or (at your
  option) any later version.

  Granite Data Services is distributed in the hope that it will be useful, but
  WITHOUT ANY WARRANTY; without even the implied warranty of MERCHANTABILITY or
  FITNESS FOR A PARTICULAR PURPOSE. See the GNU Lesser General Public License
  for more details.

  You should have received a copy of the GNU Lesser General Public License
  along with this library; if not, see <http://www.gnu.org/licenses/>.
-->

<granite-config>
	
    <converters>
		<converter type="org.granite.messaging.amf.io.convert.impl.GAEKeyConverter"/>
		<converter type="org.granite.grails.integration.GrailsGStringConverter"/>
		<converter type="org.granite.grails.integration.GrailsBinaryConverter"/>
	</converters>

    <class-getter type="org.granite.grails.integration.GrailsClassGetter"/>
    
    <externalizers>
    	<configuration>
    		<dynamic-class>true</dynamic-class>
    	</configuration>
        <externalizer type="org.granite.grails.integration.GrailsExternalizer">
            <include instance-of="groovy.lang.GroovyObject"/>
        </externalizer>
        <externalizer type="org.granite.messaging.amf.io.util.externalizer.EnumExternalizer">
        	<include instance-of="java.lang.Enum"/>
        </externalizer>
    </externalizers>
    
    <descriptors>
    	<descriptor instance-of="groovy.lang.GroovyObject" 
    		java="org.granite.messaging.amf.io.util.DefaultGroovyClassDescriptor"/>
    </descriptors>
	
	<exception-converters>
		<exception-converter type="org.granite.tide.spring.SpringValidationExceptionConverter"/>
	</exception-converters>
	
    <!--
     ! Enable Grails components for Tide by annotation
     !-->
    <tide-components>
		<tide-component annotated-with="org.granite.tide.annotations.TideEnabled"/>
    </tide-components>

</granite-config>
