<?xml version="1.0" encoding="UTF-8"?>

<!--
  GRANITE DATA SERVICES
  Copyright (C) 2011 GRANITE DATA SERVICES S.A.S.

  This file is part of Granite Data Services.

  Granite Data Services is free software; you can redistribute it and/or modify
  it under the terms of the GNU Library General Public License as published by
  the Free Software Foundation; either version 2 of the License, or (at your
  option) any later version.

  Granite Data Services is distributed in the hope that it will be useful, but
  WITHOUT ANY WARRANTY; without even the implied warranty of MERCHANTABILITY or
  FITNESS FOR A PARTICULAR PURPOSE. See the GNU Library General Public License
  for more details.

  You should have received a copy of the GNU Library General Public License
  along with this library; if not, see <http://www.gnu.org/licenses/>.
-->

<services-config>

    <services>
        <service id="granite-service"
            class="flex.messaging.services.RemotingService"
            messageTypes="flex.messaging.messages.RemotingMessage">
			
            <destination id="spring">
                <channels>
                    <channel ref="my-graniteamf"/>
                </channels>
                <properties>
                    <factory>tideSpringFactory</factory>
                    <persistence-manager-bean-name>tidePersistenceManager</persistence-manager-bean-name>
                </properties>
            </destination>
        </service>
    </services>

    <factories>
        <factory id="tideSpringFactory" class="org.granite.tide.spring.SpringServiceFactory">
        </factory>
    </factories>

    <!--
     ! Declares my-graniteamf channel.
     !-->
    <channels>
        <channel-definition id="my-graniteamf" class="mx.messaging.channels.AMFChannel">
            <endpoint
                uri="http://{server.name}:{server.port}/{context.root}/graniteamf/amf"
                class="flex.messaging.endpoints.AMFEndpoint"/>
        </channel-definition>
    </channels>

</services-config>